"question_id","topics","question","answer","rubric"
"BASICS-0","Transmission Delay; Bandwidth","What is the transmission delay when [NAME] transmits a 1300B packet over a 40Mbps link with a 10ms one way delay?","260 microseconds","Two points: (1) Correct numeric value, (2) correct units"
"BASICS-1","Communications Media; Velocity Factor; Propagation Delay","Define the term velocity factor. Why is it relevant to communications networks?","Velocity factor is the ratio of the speed at which a signal moves through a communications medium relative to the speed of light. Velocity factors are important in networking because they determine the propagation delay, and therefore ultimately influences how fast a message can be received.. A medium with a high velocity factor transmits data near the speed of light, while a medium with a lower velocity factor will transmit a signal more slowly.","2 points total: (1) Correct definition, (1) Some explanation or thesis statement that connects velocity factor to how fast messages are received."
"BASICS-2","Communications Media","Identify four communications mediums: two may be computer communications, but two should be for other types of communication!","A few examples from class: copper, fiber optics, radio waves, air vibrations/sound, great wall of china, the mail, quipu","2 points total: 0.75 for each correct answer, 0.5 for no additional incorrect answers; correct answers may not be on the list and that is okay. Label incorrect answers."
"BASICS-3","Propagation Delay;Transmission Delay;RTT","What is the following an example of: the amount of time it takes for an electrical charge to travel from one router to the next? (a) Propagation delay, (b) Transmission delay, (c) Round trip time, (d) Velocity factor","(a) Propagation delay","1 point: correct choice only. No partial credit. If they answer transmission delay, note that they may be confusing the time to push bits onto the link with the time for a signal to traverse it."
"BASICS-4","Data Encoding;Communications Media","What is the following an example of: ASCII format? (a) Communications medium, (b) Data encoding, (c) Packet, (d) Bandwidth","(b) Data encoding","1 point: correct choice only. No partial credit."
"BASICS-5","Throughput;Bandwidth","What is the following an example of: [NAME1] sends a 40MB file to [NAME2] in 32 seconds, and then calculates a value of 40MB / 32 seconds? (a) Bandwidth, (b) Velocity factor, (c) Throughput, (d) Transmission delay","(c) Throughput","1 point: correct choice only. No partial credit. If they answer bandwidth, note that bandwidth is the capacity of the link, while this is a measured rate actually achieved for a transfer."
"BASICS-6","Velocity Factor;Communications Media","What is the following an example of: 80% of the speed of light, for certain coaxial cable media? (a) Speed of light, (b) Propagation delay, (c) Bandwidth, (d) Velocity factor","(d) Velocity factor","1 point: correct choice only. No partial credit."
"BASICS-7","Communications Media","What is the following an example of: radio waves? (a) Data encoding, (b) Communications medium, (c) Internetwork, (d) Packet","(b) Communications medium","1 point: correct choice only. No partial credit."
"BASICS-8","Transmission Delay","What is the following an example of: the amount of time it takes a morse code operator to type out a word? (a) Transmission delay, (b) Propagation delay, (c) End to end delay, (d) Throughput","(a) Transmission delay","1 point: correct choice only. No partial credit. If they answer propagation delay, note that the operator is the sender pushing the message out, not the signal travelling down the wire."
"BASICS-9","Bandwidth;Pipe Model","What is the following an example of: the “width” of the pipe in the pipe model? (a) Propagation delay, (b) Bandwidth, (c) End to end delay, (d) Velocity factor","(b) Bandwidth","1 point: correct choice only. No partial credit."
"BASICS-10","Propagation Delay;Pipe Model","What is the following an example of: the “length” of the pipe in the pipe model? (a) Bandwidth, (b) Transmission delay, (c) Propagation delay, (d) Velocity factor","(c) Propagation delay","1 point: correct choice only. No partial credit."
"BASICS-11","End to End Delay","What is the following an example of: the amount of time from when the first bit of a message is transmitted to when the last bit of the message is received? (a) Round trip time, (b) Propagation delay, (c) Transmission delay, (d) End to end delay","(d) End to end delay","1 point: correct choice only. No partial credit. If they answer round trip time, note that nothing is coming back here — the message only travels one direction."
"BASICS-12","Bandwidth;Communications Media","What is the following an example of: 252 Tbps for the Grace Hopper inter-continental cable? (a) Bandwidth, (b) Throughput, (c) Velocity factor, (d) Speed of light","(a) Bandwidth","1 point: correct choice only. No partial credit. If they answer throughput, note that this is the rated capacity of the cable, not a rate measured on an actual transfer."
"BASICS-13","Propagation Delay;Speed of Light","What is the following an example of: about 1.3 seconds to the Moon? (a) Transmission delay, (b) Propagation delay, (c) Round trip time, (d) End to end delay","(b) Propagation delay","1 point: correct choice only. No partial credit. If they answer round trip time, note that 1.3 seconds is the one way figure; the round trip would be about 2.6 seconds."
"BASICS-14","RTT","What is the following an example of: the amount of time between when [NAME1] starts sending a packet to [NAME2], to when [NAME1] receives the last bit of an acknowledgement or response back from [NAME2]? (a) End to end delay, (b) Propagation delay, (c) Round trip time, (d) Transmission delay","(c) Round trip time","1 point: correct choice only. No partial credit. If they answer end to end delay, note that end to end delay covers one direction only, while this measure includes the return trip."
"BASICS-15","Propagation Delay; Bandwidth","You are developing a new competitor to Zoom and Google Meet. Would you rather your clients access your service over a 400Mbps connection with a 400ms RTT to your servers, or a 50Mbps connection with a 50ms RTT to your servers? Why?","The 50Mbps/50ms link would be preferred because of the lower RTT. A 400ms RTT means roughly 200ms of delay in each direction, which is far past the point where people notice lag in a conversation and find it frustrating; a 50ms RTT is short enough that the exchange still feels immediate. Both 50Mbps and 400Mbps are sufficient for video transmission, so the difference in bandwidth is less important.","4 points: (1) Correctly states that the 50Mbps/50ms is preferred. (1) States at least one thing that is true about bandwidth or latency. (1) Explains or illustrates via example that delay impacts lag in conversation. (1) Identifies that the 400ms RTT would be frustrating or annoying for users but 50ms would not. No extra points, but call out as an excellent answer if the student also explains that the bandwidth for this question is reasonable for conferencing in either scenario."
"BASICS-16","Bandwidth","A scientific team has collected 32TB of video data recording animal movements in the Amazon rainforest. A junior scientist, [NAME1], starts batching the data for upload to their servers at Carnegie Mellon over their 200Mbps upload Starlink connection in the rainforest, but another scientist, [NAME2], offers to carry the drives with them personally on their flight back home to Pittsburgh which will get the drives there the day after tomorrow. Which approach delivers the data faster and why?","The 32TB of data would take 14.8 days to upload at best over a 200Mbps connection. On the other hand, the trip would only take two days.","2 points: (1 pt) Identifies that the flight would be faster, (1 pt) Correctly calculates that the upload would take 14+ days."
"BASICS-17","End to End Delay;Transmission Delay;Propagation Delay","[NAME1] is sending [V] MB of data to [NAME2] through an intermediate switch [NAME3]. The link between [NAME1] and [NAME3] has [D1] ms of propagation delay and a bandwidth of [B1] Mbps. The link between [NAME3] and [NAME2] has [D2] ms of propagation delay and a bandwidth of [B2] Mbps. Assume there is no other traffic competing for either link. How long does it take, from the moment [NAME1] starts sending, for all of the data to arrive at [NAME2]?","V MB / B1 Mbps + D1 ms + V MB / B2 Mbps + D2 ms — the transmission delay onto the first link, plus that link's propagation delay, plus the transmission delay onto the second link, plus that link's propagation delay.","4 points: (1) transmission delay term for link 1 (V/B1), (1) propagation delay term for link 1 (D1), (1) transmission delay term for link 2 (V/B2), (1) propagation delay term for link 2 (D2). Correct units required on each term to earn its point. If the student omits the second transmission delay (treats the switch as forwarding bits as they arrive rather than store-and-forward), note the distinction and cap at partial."
"BASICS-18","Queuing Delay;Transmission Delay","A [P] Byte packet arrives at a switch and joins a queue behind [N] other packets, each also [P] Bytes, that are already waiting to be sent out on the same egress link. The egress link has a bandwidth of [B] Mbps. The switch sends queued packets one at a time, in the order they arrived, and there is no other delay to account for besides transmission delay. How long will the newly arrived packet wait in the queue before the switch starts transmitting it?","N * (P Bytes / B Mbps) — the new packet must wait for the switch to finish transmitting each of the N packets ahead of it onto the egress link before its own transmission can begin.","2 points: (1) recognizes that queuing delay equals N times the transmission delay of one packet, (1) correct numeric computation with correct units. Partial credit if the student correctly computes the transmission delay of a single packet but forgets to multiply by N, or multiplies by N+1 (mistakenly including the new packet's own transmission delay as part of its wait)."
"BASICS-19","Packet Loss;Bandwidth","Packets destined for one egress link arrive at a switch at a combined rate of [X] Mbps, but the capacity of that egress link is only [Y] Mbps, where [Y] is less than [X]. The switch has no buffering available to absorb the difference (or its buffer is already full), so any traffic it cannot forward immediately is dropped. In steady state, what fraction of the arriving packets will be lost?","1 - (Y / X) — equivalently (X - Y) / X. The link can only carry Y Mbps out of every X Mbps that arrives, so the remaining (X - Y) Mbps must be dropped.","2 points: (1) correct approach (loss rate = 1 - Y/X, or equivalently (X-Y)/X), (1) correct value expressed as a fraction or percentage of the offered load. Partial credit for computing (X - Y) as a raw rate in Mbps without expressing it as a fraction of X."
"BASICS-20","Packet Header Overhead;Transmission Delay;MTU","Your network currently uses a maximum packet size (MTU) of 1500 Bytes: 1400 Bytes of that is data, and the remaining [X] Bytes (where [X] is less than 200) is header overhead. You decide to change the MTU to 1000 Bytes, keeping the header size at [X] Bytes, so now 1000 minus [X] Bytes of each packet is data. Bandwidth is unchanged. (a) Will the transmission delay of a single packet go up, down, or stay the same after this change? (b) Will the total time to transmit a [Z] MB file (where [Z] is at least 20) go up, down, or stay the same after this change?","(a) Down — a 1000 Byte packet is smaller than a 1500 Byte packet, so pushing it onto the link takes less time. (b) Up — the file must now be split into more, smaller packets to carry the same amount of data, and each of those packets spends [X] Bytes on header rather than payload, so more total header overhead is transmitted for the same file, increasing the overall transmission time.","4 points total: (2) part (a) — answer 'down' with reasoning that per-packet transmission delay scales with packet size; (2) part (b) — answer 'up' with reasoning that a smaller MTU means more packets for the same file and therefore more cumulative header overhead. No credit on either sub-part for the correct up/down/same answer without the accompanying reasoning."
"BASICS-21","End to End Delay;Transmission Delay;Propagation Delay;Store and Forward","[NAME1] sends [NAME2] two consecutive [P] Byte packets through an intermediate switch [NAME3]. The link between [NAME1] and [NAME3] has [D1] ms of propagation delay and a bandwidth of [B1] Kbps. The link between [NAME3] and [NAME2] has [D2] ms of propagation delay and a bandwidth of [B2] Kbps, where [B2] is greater than [B1]. The switch is store-and-forward, and there is no other traffic competing for either link. How long does it take, from the moment [NAME1] starts sending the first packet, for [NAME2] to receive both packets?","2 * (P Bytes / B1 Kbps) + D1 ms + (P Bytes / B2 Kbps) + D2 ms. [NAME1] pushes both packets onto the first link back to back, which is two transmission delays, and the second packet then propagates to the switch in D1 ms. Because the second link is faster than the first, the switch has already finished forwarding the first packet by the time the second one fully arrives, so the second packet incurs only its own transmission delay plus D2 ms of propagation delay.","5 points: (1) two transmission delay terms on link 1, (1) propagation delay term for link 1, (1) exactly one transmission delay term on link 2, (1) propagation delay term for link 2, (1) correct final value with units. If the student adds a second transmission delay on link 2, note that the faster egress link has already cleared the first packet, so there is no queuing. If the student omits the link 2 transmission delay entirely, note that a store-and-forward switch must receive the whole packet before it begins sending."
"BASICS-22","Spanning Tree Protocol;Learning Switches;Switching;Flooding","Five switches with IDs 0 through 4 are connected by the following links: (0,1), (0,2), (0,4), (1,2), (1,3), (1,4), (2,3), (2,4), (3,4). The network runs the Spanning Tree Protocol with learning switches. (a) Which links are kept in the spanning tree? (b) From node [Q1]'s perspective, which of its links are blocked? (c) From node [Q2]'s perspective, which of its links are blocked? (d) Assume every forwarding table starts empty. The following transmissions occur in this order, one after another. For each one, list the nodes that receive the packet. (I) Node 0 to Node 3. (II) Node 3 to Node 4. (III) Node 3 to Node 1. (IV) Node 4 to Node 3.","(a) (0,1), (0,2), (0,4), (1,3). Node 0 wins the root election because it has the lowest ID, so its neighbors 1, 2, and 4 attach directly to it. Node 3 is not adjacent to the root and is two hops away via 1, 2, or 4, so it breaks the tie by taking the lowest-ID neighbor, 1, as its parent. (b) For node 3: (3,4) and (3,2). (c) For node 4: (4,1) and (4,2). (d) (I) 1, 2, 3, 4 — no table has an entry for 3, so the packet floods across the whole tree, and every switch learns the port toward 0. (II) 0, 1, 2, 4 — node 1 has no entry for 4 and floods toward 0, which also has no entry for 4 and floods to 2 and 4; nodes 1 and 0 learn the port toward 3 along the way. (III) 1 — node 1 learned where 3 is during step II, and node 1 is itself the destination, so nothing is forwarded further. (IV) 0, 1, 3 — node 0 learned in step II that 3 is reachable via 1, so it forwards only to 1, which forwards only to 3.","13 points total. Parts (a)-(c), 5 points: (2) part (a), all four tree links correct and no extras, (1) part (a) reasoning identifies node 0 as root by lowest ID, (1) part (b) both blocked links, (1) part (c) both blocked links. If the student elects a different root, note that STP elects the lowest ID and grade the rest of the question consistently with their chosen root. Part (d), 8 points: (2) per sub-part, awarded as (1) correct set of receiving nodes and (1) correct justification for why the packet was flooded or unicast. Grade the sub-parts in order: if an earlier sub-part is wrong, grade later sub-parts consistently with the forwarding tables the student's own earlier answer would have produced. If a student floods out the incoming port, note that a switch never sends a frame back the way it came."
"BASICS-23","Ethernet;Exponential Backoff;Collisions","[NAME1] and [NAME2] both attempt to transmit a [F] Byte frame to [NAME3] at the same time. Their first attempt fails because the frames collide, and both back off. [NAME2] happens to pick a shorter backoff than [NAME1], so [NAME2] wins the race and transmits successfully to [NAME3]. Immediately after that successful transmission, [NAME1] and [NAME2] both attempt to transmit to [NAME3] at the same time again, and collide. What is the probability that [NAME2] wins this second backoff race?","0.625. After the first collision both stations draw k from {0, 1}. [NAME2] then transmits successfully, which resets its collision counter, so after the second collision [NAME2] draws k from {0, 1} again while [NAME1], now on its second consecutive collision, draws k from {0, 1, 2, 3}. That gives 2 x 4 = 8 equally likely outcomes. [NAME2] wins when its k is strictly smaller: k = 0 beats 1, 2, or 3 (3 outcomes), and k = 1 beats 2 or 3 (2 outcomes), for 5 of 8.","4 points: (1) recognizes that a successful transmission resets the collision counter, so [NAME2] draws from {0, 1} while [NAME1] draws from {0, 1, 2, 3}, (1) identifies 8 equally likely outcomes, (1) counts the 5 outcomes where [NAME2] draws strictly smaller, (1) correct final probability. The frame size is not needed. If a student answers 0.875, they counted ties as wins; note that equal k values produce another collision, not a win."
"BASICS-24","Distance Vector Routing;Poison Reverse;Split Horizon;Count to Infinity","Three routers A, B, and C run distance vector routing over the following links: (A,B) with cost 1, (A,C) with cost 2, and (B,C) with cost 5. (a) Without poison reverse, fill out the final distance table at each node after the algorithm converges: for every destination, give the cost of reaching it through each neighbor. (b) Repeat part (a) with poison reverse enabled. (c) Draw or describe a network topology where split horizon/poison reverse does not help with the count to infinity problem. What could help mitigate the problem?","(a) Node A: to B via B = 1, via C = 5; to C via B = 4, via C = 2. Node B: to A via A = 1, via C = 7; to C via A = 3, via C = 5. Node C: to A via A = 2, via B = 6; to B via A = 3, via B = 5. Each entry is the link cost to that neighbor plus the neighbor's advertised best cost to the destination. Note that B's best route to C (cost 3) and C's best route to B (cost 3) both go through A rather than over the direct (B,C) link. (b) Node A: to B via B = 1, via C = infinity; to C via B = infinity, via C = 2. Nodes B and C are unchanged from part (a). B routes to C through A, so B advertises its cost to C as infinity back to A; likewise C routes to B through A, so C advertises its cost to B as infinity back to A. A's routes to B and C use the direct links, so A has nothing to poison toward B or C. (c) Take a triangle A, B, C with every link cost 1, and a fourth node D attached only to A with cost 1. If link (A,D) fails, A loses its route to D, but before A's update reaches C, C still holds a route to D via A with cost 2 and advertises it to B (C did not learn that route from B, so split horizon does not suppress it). B now believes it can reach D via C at cost 3 and advertises that to A; A adopts D via B at cost 4 and advertises that to C; and the bad route keeps circulating around the loop with an ever-increasing cost. Split horizon and poison reverse only prevent loops between two neighbors, not loops of three or more nodes. Mitigations: hold down timers (after a destination becomes unreachable, ignore new routes to it for a period of time) and a maximum path length (treat any cost above a small limit as infinity, e.g. 16 in RIP, so the counting stops quickly).","10 points total. Part (a), 4 points: (1) per node, that node's table fully correct, (1) recognizes that B's best route to C and C's best route to B both go through A. Part (b), 3 points: (2) A's two poisoned entries (to B via C and to C via B) set to infinity, (1) states that B's and C's tables are unchanged, with reasoning that a node only poisons a route toward the neighbor it uses as the next hop for that route. Part (c), 3 points: (2) a valid topology containing a loop of at least three nodes, with an explanation of how the bad route circulates, (1) at least one valid mitigation (hold down timers or maximum path length). If the student poisons entries in B's or C's table, note that A's best routes to B and C are the direct links, so A has nothing to poison toward B or C. If the student's topology in (c) only involves a two-node loop, note that poison reverse already handles that case."
"BASICS-25","Link State Routing;Dijkstra's Algorithm;Shortest Path","Seven routers A through G are connected by the following links, with the given costs: (A,B) 2, (A,C) 1, (A,D) 3, (B,E) 1, (C,D) 4, (C,E) 8, (C,F) 9, (D,E) 2, (E,G) 4, (F,G) 5. Using Dijkstra's algorithm with A as the source, trace the algorithm: at each step, give the node added to the confirmed set and the updated tentative distances to the nodes not yet confirmed. Break ties by choosing the alphabetically smallest node. In what order are nodes added to the set, and what is the final shortest distance from A to every node?","Order added: A, C, B, D, E, G, F. Final distances from A: B = 2, C = 1, D = 3, E = 3, F = 10, G = 7. Trace: start with A = 0 and every other node at infinity. Add A (0): B = 2, C = 1, D = 3. Add C (1): D stays 3 (1 + 4 = 5 is worse), E = 9 via C, F = 10 via C. Add B (2): E = 3 via B (2 + 1). D and E are now tied at 3, so D is chosen first by the tie-break. Add D (3): E stays 3 (3 + 2 = 5 is worse). Add E (3): G = 7 via E, F stays 10. Add G (7): F stays 10 (7 + 5 = 12 is worse). Add F (10). Shortest paths: B via A-B, C via A-C, D via A-D, E via A-B-E, F via A-C-F, G via A-B-E-G.","8 points total: (2) correct order in which nodes are added to the set, (1) updates E from 9 to 3 after B is added, (1) keeps D at 3 rather than updating it to 5 through C, (1) keeps F at 10 rather than updating it to 12 through G, (3) all six final distances correct (2 points for 4-5 correct, 1 point for 2-3 correct). If the student adds E before D, accept it if they state a different tie-break rule; the final distances are the same either way. If the student adds a node while another unconfirmed node has a smaller tentative distance, note that Dijkstra's algorithm always adds the unconfirmed node with the smallest tentative distance."
